buin,108
lampa,91
liray,12
macul,122
maipo,5
paine,7
renca,125
batuco,16
colina,66
maipú,359
pirque,26
viluco,1
la obra,1
ñuñoa,380
chicureo,70
la reina,231
linderos,9
lo prado,38
peralito,3
pudahuel,190
recoleta,151
santiago,879
vitacura,243
cerrillos,144
chamisero,14
conchalí,100
el bosque,86
el canelo,1
la granja,108
la islita,2
lo espejo,65
peñaflor,20
quilicura,227
talagante,37
el manzano,3
el recurso,1
huechuraba,104
la florida,523
la pintana,113
las condes,662
san miguel,199
san ramón,50
alto jahuel,5
cerro navia,26
la cisterna,151
peñalolén,308
piedra roja,5
providencia,643
puente alto,345
lo barnechea,141
san bernardo,332
san joaquín,107
valle grande,9
independencia,97
isla de maipo,4
padre hurtado,28
quinta normal,82
las vertientes,10
calera de tango,67
estación central,195
san josé de maipo,1
pedro aguirre cerda,58
santa rosa de chena,5
